combo,drug_A,drug_B,n_co_reported,n_cardiac_events,ROR,CI_lo,CI_hi,signal
Escitalopram+Imipramine,Escitalopram,Imipramine,6,1,28.012,4.604,170.417,True
Imipramine+Sertraline,Imipramine,Sertraline,10,1,16.217,2.897,90.771,True
Aripiprazole+Imipramine,Aripiprazole,Imipramine,11,1,14.673,2.651,81.21,True
Nortriptyline+Risperidone,Nortriptyline,Risperidone,3,0,14.67,0.758,284.059,False
Guanfacine+Quetiapine,Guanfacine,Quetiapine,127,14,13.151,7.608,22.732,True
Methylphenidate+Sertraline,Methylphenidate,Sertraline,578,63,12.789,9.84,16.621,True
Clonidine+Nortriptyline,Clonidine,Nortriptyline,4,0,11.41,0.614,211.965,False
Amphetamine+Nortriptyline,Amphetamine,Nortriptyline,4,0,11.41,0.614,211.965,False
Aripiprazole+Guanfacine,Aripiprazole,Guanfacine,359,32,10.246,7.138,14.708,True
Fluoxetine+Nortriptyline,Fluoxetine,Nortriptyline,5,0,9.336,0.516,168.859,False
Aripiprazole+Nortriptyline,Aripiprazole,Nortriptyline,5,0,9.336,0.516,168.859,False
Fluoxetine+Quetiapine,Fluoxetine,Quetiapine,545,44,9.18,6.748,12.488,True
Aripiprazole+Methylphenidate,Aripiprazole,Methylphenidate,677,49,8.154,6.097,10.903,True
Amphetamine+Imipramine,Amphetamine,Imipramine,6,0,7.899,0.445,140.245,False
Guanfacine+Imipramine,Guanfacine,Imipramine,6,0,7.899,0.445,140.245,False
Clonidine+Imipramine,Clonidine,Imipramine,7,0,6.846,0.391,119.888,False
Aripiprazole+Sertraline,Aripiprazole,Sertraline,1018,62,6.777,5.24,8.766,True
Nortriptyline+Sertraline,Nortriptyline,Sertraline,8,0,6.041,0.349,104.674,False
Quetiapine+Sertraline,Quetiapine,Sertraline,831,44,5.843,4.315,7.912,True
Methylphenidate+Quetiapine,Methylphenidate,Quetiapine,277,13,5.252,3.037,9.08,True
Imipramine+Methylphenidate,Imipramine,Methylphenidate,11,0,4.465,0.263,75.779,False
Imipramine+Quetiapine,Imipramine,Quetiapine,12,0,4.108,0.243,69.388,False
Fluoxetine+Risperidone,Fluoxetine,Risperidone,476,16,3.687,2.255,6.03,True
Guanfacine+Methylphenidate,Guanfacine,Methylphenidate,798,25,3.397,2.287,5.044,True
Escitalopram+Nortriptyline,Escitalopram,Nortriptyline,48,1,3.243,0.638,16.481,False
Fluoxetine+Imipramine,Fluoxetine,Imipramine,16,0,3.112,0.187,51.877,False
Amphetamine+Sertraline,Amphetamine,Sertraline,431,11,2.812,1.564,5.055,True
Imipramine+Risperidone,Imipramine,Risperidone,18,0,2.775,0.167,46.062,False
Clonidine+Escitalopram,Clonidine,Escitalopram,97,2,2.689,0.766,9.442,False
Guanfacine+Sertraline,Guanfacine,Sertraline,264,6,2.584,1.186,5.63,True
Aripiprazole+Escitalopram,Aripiprazole,Escitalopram,294,6,2.315,1.064,5.039,True
Guanfacine+Risperidone,Guanfacine,Risperidone,405,7,1.934,0.939,3.985,False
Clonidine+Risperidone,Clonidine,Risperidone,541,9,1.833,0.965,3.484,False
Aripiprazole+Risperidone,Aripiprazole,Risperidone,1070,17,1.708,1.064,2.742,True
Aripiprazole+Quetiapine,Aripiprazole,Quetiapine,684,10,1.6,0.869,2.944,False
Amphetamine+Quetiapine,Amphetamine,Quetiapine,237,3,1.533,0.533,4.406,False
Escitalopram+Guanfacine,Escitalopram,Guanfacine,106,1,1.46,0.291,7.318,False
Amphetamine+Fluoxetine,Amphetamine,Fluoxetine,416,5,1.373,0.592,3.185,False
Aripiprazole+Fluoxetine,Aripiprazole,Fluoxetine,912,11,1.311,0.732,2.346,False
Quetiapine+Risperidone,Quetiapine,Risperidone,769,9,1.283,0.676,2.435,False
Amphetamine+Risperidone,Amphetamine,Risperidone,364,4,1.282,0.506,3.25,False
Clonidine+Methylphenidate,Clonidine,Methylphenidate,613,7,1.27,0.618,2.611,False
Escitalopram+Methylphenidate,Escitalopram,Methylphenidate,141,1,1.096,0.219,5.479,False
Nortriptyline+Quetiapine,Nortriptyline,Quetiapine,48,0,1.059,0.065,17.17,False
Escitalopram+Sertraline,Escitalopram,Sertraline,158,1,0.978,0.196,4.883,False
Amphetamine+Clonidine,Amphetamine,Clonidine,389,3,0.93,0.324,2.664,False
Clonidine+Quetiapine,Clonidine,Quetiapine,297,2,0.869,0.25,3.017,False
Clonidine+Sertraline,Clonidine,Sertraline,347,2,0.743,0.214,2.578,False
Fluoxetine+Sertraline,Fluoxetine,Sertraline,358,2,0.72,0.207,2.498,False
Amphetamine+Aripiprazole,Amphetamine,Aripiprazole,375,2,0.687,0.198,2.384,False
Methylphenidate+Risperidone,Methylphenidate,Risperidone,875,5,0.648,0.28,1.5,False
Risperidone+Sertraline,Risperidone,Sertraline,720,4,0.645,0.255,1.629,False
Escitalopram+Quetiapine,Escitalopram,Quetiapine,266,1,0.58,0.117,2.887,False
Amphetamine+Methylphenidate,Amphetamine,Methylphenidate,577,2,0.446,0.129,1.545,False
Aripiprazole+Clonidine,Aripiprazole,Clonidine,605,2,0.425,0.123,1.473,False
Amphetamine+Guanfacine,Amphetamine,Guanfacine,416,1,0.371,0.075,1.842,False
Escitalopram+Fluoxetine,Escitalopram,Fluoxetine,143,0,0.358,0.022,5.748,False
Amphetamine+Escitalopram,Amphetamine,Escitalopram,143,0,0.358,0.022,5.748,False
Escitalopram+Risperidone,Escitalopram,Risperidone,165,0,0.31,0.019,4.98,False
Fluoxetine+Guanfacine,Fluoxetine,Guanfacine,181,0,0.283,0.018,4.539,False
Clonidine+Guanfacine,Clonidine,Guanfacine,201,0,0.255,0.016,4.087,False
Clonidine+Fluoxetine,Clonidine,Fluoxetine,411,0,0.125,0.008,1.997,False
Fluoxetine+Methylphenidate,Fluoxetine,Methylphenidate,440,0,0.116,0.007,1.865,False
